{"flutter":{"platforms":{"android":{"default":{"projectId":"app1-c8763","appId":"1:45287716611:android:050fad665e4c2119c69b36","fileOutput":"android/app/google-services.json"}},"dart":{"lib/firebase_options.dart":{"projectId":"app1-c8763","configurations":{"android":"1:45287716611:android:050fad665e4c2119c69b36","ios":"1:45287716611:ios:fd724e5a99d0216cc69b36","macos":"1:45287716611:ios:fd724e5a99d0216cc69b36","web":"1:45287716611:web:3695ef79df344e0bc69b36","windows":"1:45287716611:web:27a2953f51c7bf6ac69b36"}}}}}}