{
  "project_info": {
    "project_number": "45287716611",
    "project_id": "app1-c8763",
    "storage_bucket": "app1-c8763.appspot.com"
  },
  "client": [
    {
      "client_info": {
        "mobilesdk_app_id": "1:45287716611:android:050fad665e4c2119c69b36",
        "android_client_info": {
          "package_name": "com.example.app1"
        }
      },
      "oauth_client": [],
      "api_key": [
        {
          "current_key": "AIzaSyDhwftpBDZMMYR9UAHrZXokO_X254anFKU"
        }
      ],
      "services": {
        "appinvite_service": {
          "other_platform_oauth_client": []
        }
      }
    }
  ],
  "configuration_version": "1"
}